Time,Team,Operation,BuyVolume,SellVolume,EtfPosition,FuturePosition,EtfPrice,FuturePrice,TotalFees,AccountBalance,ProfitOrLoss,Status
1e-06,TraderOne,Tick,0,0,0,0,,,0,0,0,OK
0.282315,TraderOne,Tick,0,0,0,0,,,0,0,0,OK
0.464851,TraderOne,Tick,0,0,0,0,,,0,0,0,OK
0.7394,TraderOne,Tick,0,0,0,0,,,0,0,0,OK
1.020833,TraderOne,Tick,0,0,0,0,147600,147100,0,0,0,OK
1.291,TraderOne,Tick,0,0,0,0,147600,147100,0,0,0,OK
1.468684,TraderOne,Tick,0,0,0,0,147600,147100,0,0,0,OK
1.727362,TraderOne,Tick,0,0,0,0,147600,147100,0,0,0,OK
1.986941,TraderOne,Tick,0,0,0,0,147600,147100,0,0,0,OK
2.29735,TraderOne,Tick,0,0,0,0,147600,146900,0,0,0,OK
2.470065,TraderOne,Tick,0,0,0,0,147600,146900,0,0,0,OK
2.720716,TraderOne,Tick,0,0,0,0,146400,146900,0,0,0,OK
3.02608,TraderOne,Tick,0,0,0,0,146400,146900,0,0,0,OK
3.265031,TraderOne,Tick,0,0,0,0,146400,146900,0,0,0,OK
3.475957,TraderOne,Tick,0,0,0,0,147500,146900,0,0,0,OK
3.776733,TraderOne,Tick,0,0,0,0,146300,146900,0,0,0,OK
4.048725,TraderOne,Tick,0,0,0,0,146300,146900,0,0,0,OK
4.213386,TraderOne,Tick,0,0,0,0,146300,146900,0,0,0,OK
4.463557,TraderOne,Tick,0,0,0,0,146300,146900,0,0,0,OK
4.793607,TraderOne,Tick,0,0,0,0,146300,146900,0,0,0,OK
4.997554,TraderOne,Tick,0,0,0,0,146300,146900,0,0,0,OK
5.227608,TraderOne,Tick,0,0,0,0,146300,146800,0,0,0,OK
5.486536,TraderOne,Tick,0,0,0,0,146300,146800,0,0,0,OK
5.799705,TraderOne,Tick,0,0,0,0,146300,146800,0,0,0,OK
6.003673,TraderOne,Tick,0,0,0,0,146300,146800,0,0,0,OK
6.241121,TraderOne,Tick,0,0,0,0,146300,146800,0,0,0,OK
6.535133,TraderOne,Tick,0,10,-10,10,147000,146800,294,2706,706,OK
6.722443,TraderOne,Tick,0,20,-20,20,147200,146700,588,5412,1412,OK
6.978369,TraderOne,Tick,0,30,-30,30,147000,146900,882,6118,3118,OK
7.218324,TraderOne,Tick,0,30,-30,30,147000,146900,882,6118,3118,OK
7.45862,TraderOne,Tick,0,30,-30,30,147000,146900,882,6118,3118,OK
7.702078,TraderOne,Tick,0,30,-30,30,147000,146900,882,6118,3118,OK
8.003997,TraderOne,Tick,0,30,-30,30,147000,146900,882,6118,3118,OK
8.217729,TraderOne,Tick,0,30,-30,30,147000,146900,882,6118,3118,OK
8.486228,TraderOne,Tick,0,30,-30,30,147000,146900,882,6118,3118,OK
8.726438,TraderOne,Tick,0,30,-30,30,147000,146900,882,6118,3118,OK
8.957039,TraderOne,Tick,0,40,-40,40,146700,146900,1176,6824,14824,OK
9.271917,TraderOne,Tick,0,40,-40,40,146700,146900,1176,6824,14824,OK
9.457285,TraderOne,Tick,10,40,-30,30,146400,146900,1469,9531,15531,OK
9.759551,TraderOne,Tick,20,40,-20,20,146400,146900,1762,11238,15238,OK
10.048035,TraderOne,Tick,30,40,-10,10,146400,146900,2055,11945,13945,OK
10.227492,TraderOne,Tick,40,40,0,0,146400,146900,2348,13652,13652,OK
10.497387,TraderOne,Tick,50,40,10,-10,146400,146900,2641,16359,14359,OK
10.754854,TraderOne,Tick,60,40,20,-20,146400,147000,2934,21066,17066,OK
11.028986,TraderOne,Tick,60,40,20,-20,147300,147000,2934,21066,25066,OK
11.296303,TraderOne,Tick,60,40,20,-20,147300,147000,2934,21066,25066,OK
11.480701,TraderOne,Tick,60,40,20,-20,147300,147000,2934,21066,25066,OK
11.799619,TraderOne,Tick,60,40,20,-20,147400,147200,2934,21066,25066,OK
11.972176,TraderOne,Tick,60,40,20,-20,147400,147200,2934,21066,25066,OK
12.267185,TraderOne,Tick,60,40,20,-20,147400,147200,2934,21066,25066,OK
12.472325,TraderOne,Tick,60,40,20,-20,147400,147200,2934,21066,25066,OK
12.739693,TraderOne,Tick,60,40,20,-20,147400,147200,2934,21066,25066,OK
12.999534,TraderOne,Tick,60,40,20,-20,147400,147200,2934,21066,25066,OK
13.224868,TraderOne,Tick,60,40,20,-20,146600,147200,2934,21066,17066,OK
13.487687,TraderOne,Tick,60,40,20,-20,146600,147200,2934,21066,17066,OK
13.796322,TraderOne,Tick,60,40,20,-20,146600,147200,2934,21066,17066,OK
14.019218,TraderOne,Tick,60,40,20,-20,146600,147200,2934,21066,17066,OK
14.218044,TraderOne,Tick,60,40,20,-20,146600,147200,2934,21066,17066,OK
14.532237,TraderOne,Tick,70,40,30,-30,147000,147200,3228,20772,14772,OK
14.752527,TraderOne,Tick,70,40,30,-30,147000,147200,3228,20772,14772,OK
15.012826,TraderOne,Tick,70,40,30,-30,147000,147200,3228,20772,14772,OK
15.237279,TraderOne,Tick,70,40,30,-30,147000,147200,3228,20772,14772,OK
15.541655,TraderOne,Tick,70,40,30,-30,146900,146800,3228,20772,23772,OK
15.751802,TraderOne,Tick,70,40,30,-30,146900,146800,3228,20772,23772,OK
15.996585,TraderOne,Tick,70,40,30,-30,146900,146900,3228,20772,20772,OK
16.290226,TraderOne,Tick,70,40,30,-30,146900,146900,3228,20772,20772,OK
16.487763,TraderOne,Tick,70,40,30,-30,146900,146900,3228,20772,20772,OK
16.756103,TraderOne,Tick,70,40,30,-30,146900,146900,3228,20772,20772,OK
17.025124,TraderOne,Tick,70,40,30,-30,146900,146900,3228,20772,20772,OK
17.267205,TraderOne,Tick,70,40,30,-30,146900,146900,3228,20772,20772,OK
17.452275,TraderOne,Tick,70,40,30,-30,146900,146900,3228,20772,20772,OK
17.786061,TraderOne,Tick,80,40,40,-40,146900,146900,3522,21478,21478,OK
17.967522,TraderOne,Tick,90,40,50,-50,146600,146900,3816,21184,11184,OK
18.283964,TraderOne,Tick,100,40,60,-60,146900,146900,4110,21890,21890,OK
18.544439,TraderOne,Tick,110,40,70,-70,146900,147100,4404,22596,8596,OK
18.738842,TraderOne,Tick,110,40,70,-70,146900,147100,4404,22596,8596,OK
18.997192,TraderOne,Tick,114,40,74,-74,146900,147100,4522,22878,8078,OK
19.240571,TraderOne,Tick,114,40,74,-74,146900,147100,4522,22878,8078,OK
19.516164,TraderOne,Tick,114,40,74,-74,146900,147200,4522,22878,8078,OK
19.719332,TraderOne,Tick,124,40,84,-84,147000,147200,4816,23584,6784,OK
19.977714,TraderOne,Tick,134,40,94,-94,147000,147200,5110,24290,5490,OK
19.983433,TraderOne,Breach,144,40,104,-94,147000,147200,5404,-1446004,5196,
19.991019,TraderOne,Disconnect,144,40,104,-94,147000,147200,5404,-1446004,5196,
20.209422,TraderOne,Tick,144,40,104,-94,147000,147200,5404,-1446004,5196,BREACH
20.500238,TraderOne,Tick,144,40,104,-94,147000,147900,5404,-1446004,12196,BREACH
20.724188,TraderOne,Tick,144,40,104,-94,147200,147900,5404,-1446004,12196,BREACH
21.033729,TraderOne,Tick,144,40,104,-94,147500,147900,5404,-1446004,12196,BREACH
21.211332,TraderOne,Tick,144,40,104,-94,147500,147900,5404,-1446004,12196,BREACH
21.469104,TraderOne,Tick,144,40,104,-94,147500,147900,5404,-1446004,12196,BREACH
21.760573,TraderOne,Tick,144,40,104,-94,147500,147900,5404,-1446004,12196,BREACH
21.996657,TraderOne,Tick,144,40,104,-94,147500,148000,5404,-1446004,13196,BREACH
22.227038,TraderOne,Tick,144,40,104,-94,147500,148000,5404,-1446004,13196,BREACH
22.450464,TraderOne,Tick,144,40,104,-94,147500,148100,5404,-1446004,14196,BREACH
22.727774,TraderOne,Tick,144,40,104,-94,147500,148200,5404,-1446004,15196,BREACH
22.982408,TraderOne,Tick,144,40,104,-94,147500,148000,5404,-1446004,13196,BREACH
23.254289,TraderOne,Tick,144,40,104,-94,147500,148000,5404,-1446004,13196,BREACH
23.451199,TraderOne,Tick,144,40,104,-94,147500,147700,5404,-1446004,10196,BREACH
23.768107,TraderOne,Tick,144,40,104,-94,147500,147700,5404,-1446004,10196,BREACH
24.003805,TraderOne,Tick,144,40,104,-94,147600,147700,5404,-1446004,20596,BREACH
24.230564,TraderOne,Tick,144,40,104,-94,147600,147700,5404,-1446004,20596,BREACH
24.463884,TraderOne,Tick,144,40,104,-94,147600,147700,5404,-1446004,20596,BREACH
24.795174,TraderOne,Tick,144,40,104,-94,147600,148100,5404,-1446004,14196,BREACH
24.979754,TraderOne,Tick,144,40,104,-94,147600,148100,5404,-1446004,14196,BREACH
25.242388,TraderOne,Tick,144,40,104,-94,147700,148200,5404,-1446004,15196,BREACH
25.480144,TraderOne,Tick,144,40,104,-94,147700,147900,5404,-1446004,12196,BREACH
25.792574,TraderOne,Tick,144,40,104,-94,147700,147900,5404,-1446004,12196,BREACH
25.995237,TraderOne,Tick,144,40,104,-94,147700,147900,5404,-1446004,12196,BREACH
26.250742,TraderOne,Tick,144,40,104,-94,147700,147900,5404,-1446004,12196,BREACH
26.541052,TraderOne,Tick,144,40,104,-94,147400,147900,5404,-1446004,12196,BREACH
26.745516,TraderOne,Tick,144,40,104,-94,147400,147900,5404,-1446004,12196,BREACH
27.030727,TraderOne,Tick,144,40,104,-94,147400,147900,5404,-1446004,12196,BREACH
27.279226,TraderOne,Tick,144,40,104,-94,147400,147900,5404,-1446004,12196,BREACH
27.535205,TraderOne,Tick,144,40,104,-94,147400,147900,5404,-1446004,12196,BREACH
27.709924,TraderOne,Tick,144,40,104,-94,147400,147900,5404,-1446004,12196,BREACH
28.037556,TraderOne,Tick,144,40,104,-94,147200,147800,5404,-1446004,11196,BREACH
28.228996,TraderOne,Tick,144,40,104,-94,147200,147800,5404,-1446004,11196,BREACH
28.547213,TraderOne,Tick,144,40,104,-94,147700,147800,5404,-1446004,21596,BREACH
28.716066,TraderOne,Tick,144,40,104,-94,147700,147600,5404,-1446004,40396,BREACH
29.036135,TraderOne,Tick,144,40,104,-94,147700,147600,5404,-1446004,40396,BREACH
29.264723,TraderOne,Tick,144,40,104,-94,147700,147600,5404,-1446004,40396,BREACH
29.538652,TraderOne,Tick,144,40,104,-94,147700,147600,5404,-1446004,40396,BREACH
29.709148,TraderOne,Tick,144,40,104,-94,147700,147600,5404,-1446004,40396,BREACH
29.985644,TraderOne,Tick,144,40,104,-94,147700,147600,5404,-1446004,40396,BREACH
30.261964,TraderOne,Tick,144,40,104,-94,147700,147600,5404,-1446004,40396,BREACH
30.483538,TraderOne,Tick,144,40,104,-94,147700,147600,5404,-1446004,40396,BREACH
30.796649,TraderOne,Tick,144,40,104,-94,147700,147400,5404,-1446004,48796,BREACH
31.003484,TraderOne,Tick,144,40,104,-94,147700,147400,5404,-1446004,48796,BREACH
31.290841,TraderOne,Tick,144,40,104,-94,147700,147400,5404,-1446004,48796,BREACH
31.540603,TraderOne,Tick,144,40,104,-94,147000,147400,5404,-1446004,7196,BREACH
31.719318,TraderOne,Tick,144,40,104,-94,147000,147400,5404,-1446004,7196,BREACH
31.954699,TraderOne,Tick,144,40,104,-94,147000,147400,5404,-1446004,7196,BREACH
32.24209,TraderOne,Tick,144,40,104,-94,147000,147400,5404,-1446004,7196,BREACH
32.527333,TraderOne,Tick,144,40,104,-94,147000,147400,5404,-1446004,7196,BREACH
32.786439,TraderOne,Tick,144,40,104,-94,147000,147600,5404,-1446004,9196,BREACH
32.959771,TraderOne,Tick,144,40,104,-94,147000,147600,5404,-1446004,9196,BREACH
33.291661,TraderOne,Tick,144,40,104,-94,147000,147600,5404,-1446004,9196,BREACH
33.5487,TraderOne,Tick,144,40,104,-94,147000,147600,5404,-1446004,9196,BREACH
33.739033,TraderOne,Tick,144,40,104,-94,146900,147600,5404,-1446004,9196,BREACH
34.049399,TraderOne,Tick,144,40,104,-94,146900,147200,5404,-1446004,5196,BREACH
34.230953,TraderOne,Tick,144,40,104,-94,146900,147200,5404,-1446004,5196,BREACH
34.471095,TraderOne,Tick,144,40,104,-94,146900,147200,5404,-1446004,5196,BREACH
34.756409,TraderOne,Tick,144,40,104,-94,146900,147200,5404,-1446004,5196,BREACH
35.036479,TraderOne,Tick,144,40,104,-94,146900,147200,5404,-1446004,5196,BREACH
35.298905,TraderOne,Tick,144,40,104,-94,146900,147300,5404,-1446004,6196,BREACH
35.498458,TraderOne,Tick,144,40,104,-94,147100,147200,5404,-1446004,15596,BREACH
35.735835,TraderOne,Tick,144,40,104,-94,147100,147000,5404,-1446004,34396,BREACH
35.988533,TraderOne,Tick,144,40,104,-94,147100,147000,5404,-1446004,34396,BREACH
36.281538,TraderOne,Tick,144,40,104,-94,147100,147000,5404,-1446004,34396,BREACH
36.497684,TraderOne,Tick,144,40,104,-94,147100,147000,5404,-1446004,34396,BREACH
36.768405,TraderOne,Tick,144,40,104,-94,147100,147000,5404,-1446004,34396,BREACH
37.025018,TraderOne,Tick,144,40,104,-94,147100,147000,5404,-1446004,34396,BREACH
37.232747,TraderOne,Tick,144,40,104,-94,147100,147000,5404,-1446004,34396,BREACH
37.460917,TraderOne,Tick,144,40,104,-94,147100,147300,5404,-1446004,6196,BREACH
37.796424,TraderOne,Tick,144,40,104,-94,147100,147300,5404,-1446004,6196,BREACH
37.952384,TraderOne,Tick,144,40,104,-94,147100,147300,5404,-1446004,6196,BREACH
38.252597,TraderOne,Tick,144,40,104,-94,147100,147300,5404,-1446004,6196,BREACH
38.497051,TraderOne,Tick,144,40,104,-94,147100,147300,5404,-1446004,6196,BREACH
38.70112,TraderOne,Tick,144,40,104,-94,147100,147300,5404,-1446004,6196,BREACH
38.976217,TraderOne,Tick,144,40,104,-94,147100,147300,5404,-1446004,6196,BREACH
39.211604,TraderOne,Tick,144,40,104,-94,147000,147300,5404,-1446004,6196,BREACH
39.524682,TraderOne,Tick,144,40,104,-94,147700,147300,5404,-1446004,47796,BREACH
39.748028,TraderOne,Tick,144,40,104,-94,147700,147300,5404,-1446004,47796,BREACH
40.005891,TraderOne,Tick,144,40,104,-94,147700,147300,5404,-1446004,47796,BREACH
40.285586,TraderOne,Tick,144,40,104,-94,147700,147300,5404,-1446004,47796,BREACH
40.511819,TraderOne,Tick,144,40,104,-94,147800,147300,5404,-1446004,47796,BREACH
40.752356,TraderOne,Tick,144,40,104,-94,147800,147300,5404,-1446004,47796,BREACH
41.017682,TraderOne,Tick,144,40,104,-94,147800,147300,5404,-1446004,47796,BREACH
41.279986,TraderOne,Tick,144,40,104,-94,147800,147300,5404,-1446004,47796,BREACH
41.538437,TraderOne,Tick,144,40,104,-94,147800,147300,5404,-1446004,47796,BREACH
41.702824,TraderOne,Tick,144,40,104,-94,147800,147300,5404,-1446004,47796,BREACH
41.960136,TraderOne,Tick,144,40,104,-94,147800,147300,5404,-1446004,47796,BREACH
42.206598,TraderOne,Tick,144,40,104,-94,147700,147200,5404,-1446004,46796,BREACH
42.521106,TraderOne,Tick,144,40,104,-94,147700,147200,5404,-1446004,46796,BREACH
42.759529,TraderOne,Tick,144,40,104,-94,147700,147200,5404,-1446004,46796,BREACH
42.983149,TraderOne,Tick,144,40,104,-94,147700,147200,5404,-1446004,46796,BREACH
43.232179,TraderOne,Tick,144,40,104,-94,147700,147200,5404,-1446004,46796,BREACH
43.462292,TraderOne,Tick,144,40,104,-94,147700,147200,5404,-1446004,46796,BREACH
43.781787,TraderOne,Tick,144,40,104,-94,147700,147400,5404,-1446004,48796,BREACH
43.97061,TraderOne,Tick,144,40,104,-94,147700,147400,5404,-1446004,48796,BREACH
44.261043,TraderOne,Tick,144,40,104,-94,147700,147400,5404,-1446004,48796,BREACH
44.497066,TraderOne,Tick,144,40,104,-94,147700,147400,5404,-1446004,48796,BREACH
44.777274,TraderOne,Tick,144,40,104,-94,147700,147400,5404,-1446004,48796,BREACH
44.969861,TraderOne,Tick,144,40,104,-94,147700,147400,5404,-1446004,48796,BREACH
45.256631,TraderOne,Tick,144,40,104,-94,147700,147500,5404,-1446004,49796,BREACH
45.4724,TraderOne,Tick,144,40,104,-94,147700,147500,5404,-1446004,49796,BREACH
45.701611,TraderOne,Tick,144,40,104,-94,147700,147500,5404,-1446004,49796,BREACH
45.986945,TraderOne,Tick,144,40,104,-94,147700,147500,5404,-1446004,49796,BREACH
46.295292,TraderOne,Tick,144,40,104,-94,147700,147500,5404,-1446004,49796,BREACH
46.450854,TraderOne,Tick,144,40,104,-94,147700,147500,5404,-1446004,49796,BREACH
46.793749,TraderOne,Tick,144,40,104,-94,147700,147500,5404,-1446004,49796,BREACH
47.013744,TraderOne,Tick,144,40,104,-94,147700,147500,5404,-1446004,49796,BREACH
47.200381,TraderOne,Tick,144,40,104,-94,147700,147500,5404,-1446004,49796,BREACH
47.45678,TraderOne,Tick,144,40,104,-94,147700,147500,5404,-1446004,49796,BREACH
47.77374,TraderOne,Tick,144,40,104,-94,147700,147500,5404,-1446004,49796,BREACH
48.016681,TraderOne,Tick,144,40,104,-94,147700,147500,5404,-1446004,49796,BREACH
48.25306,TraderOne,Tick,144,40,104,-94,147400,147500,5404,-1446004,18596,BREACH
48.528168,TraderOne,Tick,144,40,104,-94,147400,147500,5404,-1446004,18596,BREACH
48.733186,TraderOne,Tick,144,40,104,-94,147400,147500,5404,-1446004,18596,BREACH
48.993094,TraderOne,Tick,144,40,104,-94,147400,147500,5404,-1446004,18596,BREACH
49.241809,TraderOne,Tick,144,40,104,-94,147400,147500,5404,-1446004,18596,BREACH
49.485386,TraderOne,Tick,144,40,104,-94,147400,147500,5404,-1446004,18596,BREACH
49.722488,TraderOne,Tick,144,40,104,-94,147400,147500,5404,-1446004,18596,BREACH
49.955727,TraderOne,Tick,144,40,104,-94,147400,147500,5404,-1446004,18596,BREACH
50.256797,TraderOne,Tick,144,40,104,-94,147400,147500,5404,-1446004,18596,BREACH
50.45825,TraderOne,Tick,144,40,104,-94,147900,147500,5404,-1446004,49796,BREACH
50.771891,TraderOne,Tick,144,40,104,-94,147900,147500,5404,-1446004,49796,BREACH
51.022657,TraderOne,Tick,144,40,104,-94,147900,147500,5404,-1446004,49796,BREACH
51.201937,TraderOne,Tick,144,40,104,-94,147900,147500,5404,-1446004,49796,BREACH
51.523042,TraderOne,Tick,144,40,104,-94,147900,147500,5404,-1446004,49796,BREACH
51.798045,TraderOne,Tick,144,40,104,-94,147900,147500,5404,-1446004,49796,BREACH
51.958777,TraderOne,Tick,144,40,104,-94,147900,147300,5404,-1446004,47796,BREACH
52.221327,TraderOne,Tick,144,40,104,-94,147900,147300,5404,-1446004,47796,BREACH
52.504774,TraderOne,Tick,144,40,104,-94,147900,147300,5404,-1446004,47796,BREACH
52.777689,TraderOne,Tick,144,40,104,-94,147900,147300,5404,-1446004,47796,BREACH
53.001822,TraderOne,Tick,144,40,104,-94,147900,147300,5404,-1446004,47796,BREACH
53.298993,TraderOne,Tick,144,40,104,-94,147900,147300,5404,-1446004,47796,BREACH
53.534717,TraderOne,Tick,144,40,104,-94,147900,147300,5404,-1446004,47796,BREACH
53.754649,TraderOne,Tick,144,40,104,-94,147900,147300,5404,-1446004,47796,BREACH
54.026599,TraderOne,Tick,144,40,104,-94,147900,147300,5404,-1446004,47796,BREACH
54.253975,TraderOne,Tick,144,40,104,-94,147900,147300,5404,-1446004,47796,BREACH
54.4613,TraderOne,Tick,144,40,104,-94,147900,147200,5404,-1446004,46796,BREACH
54.799231,TraderOne,Tick,144,40,104,-94,147900,147200,5404,-1446004,46796,BREACH
54.959321,TraderOne,Tick,144,40,104,-94,147900,147200,5404,-1446004,46796,BREACH
55.26637,TraderOne,Tick,144,40,104,-94,147300,147300,5404,-1446004,26996,BREACH
55.511201,TraderOne,Tick,144,40,104,-94,147300,146900,5404,-1446004,43796,BREACH
55.785629,TraderOne,Tick,144,40,104,-94,147300,146900,5404,-1446004,43796,BREACH
55.986573,TraderOne,Tick,144,40,104,-94,147300,146900,5404,-1446004,43796,BREACH
56.257768,TraderOne,Tick,144,40,104,-94,147300,147100,5404,-1446004,45796,BREACH
56.468484,TraderOne,Tick,144,40,104,-94,147300,147100,5404,-1446004,45796,BREACH
56.771183,TraderOne,Tick,144,40,104,-94,147300,147100,5404,-1446004,45796,BREACH
57.005963,TraderOne,Tick,144,40,104,-94,147300,147100,5404,-1446004,45796,BREACH
57.297544,TraderOne,Tick,144,40,104,-94,147300,147100,5404,-1446004,45796,BREACH
57.477298,TraderOne,Tick,144,40,104,-94,147300,146800,5404,-1446004,42796,BREACH
57.720302,TraderOne,Tick,144,40,104,-94,147300,146700,5404,-1446004,41796,BREACH
57.974819,TraderOne,Tick,144,40,104,-94,147300,146600,5404,-1446004,40796,BREACH
58.273156,TraderOne,Tick,144,40,104,-94,147300,146700,5404,-1446004,41796,BREACH
58.524804,TraderOne,Tick,144,40,104,-94,147300,146700,5404,-1446004,41796,BREACH
58.79324,TraderOne,Tick,144,40,104,-94,147300,146700,5404,-1446004,41796,BREACH
59.049928,TraderOne,Tick,144,40,104,-94,147300,146700,5404,-1446004,41796,BREACH
59.301751,TraderOne,Tick,144,40,104,-94,147300,146500,5404,-1446004,39796,BREACH
59.485275,TraderOne,Tick,144,40,104,-94,147300,146500,5404,-1446004,39796,BREACH
59.702377,TraderOne,Tick,144,40,104,-94,147300,146500,5404,-1446004,39796,BREACH
59.962837,TraderOne,Tick,144,40,104,-94,147300,146500,5404,-1446004,39796,BREACH
60.262604,TraderOne,Tick,144,40,104,-94,147300,146700,5404,-1446004,41796,BREACH
60.515292,TraderOne,Tick,144,40,104,-94,147300,146700,5404,-1446004,41796,BREACH
60.773473,TraderOne,Tick,144,40,104,-94,147300,146600,5404,-1446004,40796,BREACH
61.004063,TraderOne,Tick,144,40,104,-94,147300,146500,5404,-1446004,39796,BREACH
61.252156,TraderOne,Tick,144,40,104,-94,147300,146500,5404,-1446004,39796,BREACH
61.469688,TraderOne,Tick,144,40,104,-94,147300,146500,5404,-1446004,39796,BREACH
61.733147,TraderOne,Tick,144,40,104,-94,147100,146500,5404,-1446004,39796,BREACH
62.044668,TraderOne,Tick,144,40,104,-94,147100,146500,5404,-1446004,39796,BREACH
62.243297,TraderOne,Tick,144,40,104,-94,147000,146300,5404,-1446004,37796,BREACH
62.457646,TraderOne,Tick,144,40,104,-94,146800,146300,5404,-1446004,37796,BREACH
62.755955,TraderOne,Tick,144,40,104,-94,146700,146300,5404,-1446004,37796,BREACH
63.029297,TraderOne,Tick,144,40,104,-94,146700,146300,5404,-1446004,37796,BREACH
63.292172,TraderOne,Tick,144,40,104,-94,146700,146300,5404,-1446004,37796,BREACH
63.537813,TraderOne,Tick,144,40,104,-94,146700,146300,5404,-1446004,37796,BREACH
63.773942,TraderOne,Tick,144,40,104,-94,146700,146300,5404,-1446004,37796,BREACH
64.015596,TraderOne,Tick,144,40,104,-94,146700,146300,5404,-1446004,37796,BREACH
64.231685,TraderOne,Tick,144,40,104,-94,146700,146300,5404,-1446004,37796,BREACH
64.510278,TraderOne,Tick,144,40,104,-94,146700,146300,5404,-1446004,37796,BREACH
64.716764,TraderOne,Tick,144,40,104,-94,146700,146300,5404,-1446004,37796,BREACH
65.013182,TraderOne,Tick,144,40,104,-94,146700,146300,5404,-1446004,37796,BREACH
65.294974,TraderOne,Tick,144,40,104,-94,146700,146900,5404,-1446004,2196,BREACH
65.522705,TraderOne,Tick,144,40,104,-94,146700,146900,5404,-1446004,2196,BREACH
65.722391,TraderOne,Tick,144,40,104,-94,146700,146900,5404,-1446004,2196,BREACH
65.981842,TraderOne,Tick,144,40,104,-94,146600,146900,5404,-1446004,2196,BREACH
66.291497,TraderOne,Tick,144,40,104,-94,146600,146900,5404,-1446004,2196,BREACH
66.540099,TraderOne,Tick,144,40,104,-94,147300,146900,5404,-1446004,43796,BREACH
66.707417,TraderOne,Tick,144,40,104,-94,147300,146900,5404,-1446004,43796,BREACH
67.004275,TraderOne,Tick,144,40,104,-94,146500,146900,5404,-1446004,2196,BREACH
67.271768,TraderOne,Tick,144,40,104,-94,146500,146900,5404,-1446004,2196,BREACH
67.499741,TraderOne,Tick,144,40,104,-94,146500,146900,5404,-1446004,2196,BREACH
67.742291,TraderOne,Tick,144,40,104,-94,146500,146900,5404,-1446004,2196,BREACH
67.955059,TraderOne,Tick,144,40,104,-94,146500,146900,5404,-1446004,2196,BREACH
68.225182,TraderOne,Tick,144,40,104,-94,146900,146900,5404,-1446004,22996,BREACH
68.549017,TraderOne,Tick,144,40,104,-94,146500,146900,5404,-1446004,2196,BREACH
68.718138,TraderOne,Tick,144,40,104,-94,146500,147200,5404,-1446004,5196,BREACH
69.042582,TraderOne,Tick,144,40,104,-94,146500,147200,5404,-1446004,5196,BREACH
69.201778,TraderOne,Tick,144,40,104,-94,147500,147200,5404,-1446004,46796,BREACH
69.541003,TraderOne,Tick,144,40,104,-94,147500,147200,5404,-1446004,46796,BREACH
69.760436,TraderOne,Tick,144,40,104,-94,147500,147300,5404,-1446004,47796,BREACH
70.036132,TraderOne,Tick,144,40,104,-94,147500,147300,5404,-1446004,47796,BREACH
70.268131,TraderOne,Tick,144,40,104,-94,147500,147300,5404,-1446004,47796,BREACH
70.50811,TraderOne,Tick,144,40,104,-94,147500,147300,5404,-1446004,47796,BREACH
70.792382,TraderOne,Tick,144,40,104,-94,146400,147300,5404,-1446004,6196,BREACH
71.034874,TraderOne,Tick,144,40,104,-94,146400,147300,5404,-1446004,6196,BREACH
71.230642,TraderOne,Tick,144,40,104,-94,146400,147300,5404,-1446004,6196,BREACH
71.463738,TraderOne,Tick,144,40,104,-94,146400,147300,5404,-1446004,6196,BREACH
71.742776,TraderOne,Tick,144,40,104,-94,146400,147300,5404,-1446004,6196,BREACH
71.97093,TraderOne,Tick,144,40,104,-94,146400,147300,5404,-1446004,6196,BREACH
72.298785,TraderOne,Tick,144,40,104,-94,146400,147300,5404,-1446004,6196,BREACH
72.490801,TraderOne,Tick,144,40,104,-94,147500,147300,5404,-1446004,47796,BREACH
72.739859,TraderOne,Tick,144,40,104,-94,147500,147300,5404,-1446004,47796,BREACH
72.96048,TraderOne,Tick,144,40,104,-94,147600,147300,5404,-1446004,47796,BREACH
73.289281,TraderOne,Tick,144,40,104,-94,147600,147300,5404,-1446004,47796,BREACH
73.512435,TraderOne,Tick,144,40,104,-94,147600,147200,5404,-1446004,46796,BREACH
73.702561,TraderOne,Tick,144,40,104,-94,147600,147200,5404,-1446004,46796,BREACH
74.026838,TraderOne,Tick,144,40,104,-94,147600,147200,5404,-1446004,46796,BREACH
74.250397,TraderOne,Tick,144,40,104,-94,147600,147200,5404,-1446004,46796,BREACH
74.474031,TraderOne,Tick,144,40,104,-94,147600,147200,5404,-1446004,46796,BREACH
74.789788,TraderOne,Tick,144,40,104,-94,147600,147200,5404,-1446004,46796,BREACH
75.009376,TraderOne,Tick,144,40,104,-94,147600,147200,5404,-1446004,46796,BREACH
75.264591,TraderOne,Tick,144,40,104,-94,147600,147400,5404,-1446004,48796,BREACH
75.524323,TraderOne,Tick,144,40,104,-94,147600,147400,5404,-1446004,48796,BREACH
75.773562,TraderOne,Tick,144,40,104,-94,147600,147400,5404,-1446004,48796,BREACH
76.014155,TraderOne,Tick,144,40,104,-94,147600,147400,5404,-1446004,48796,BREACH
76.216957,TraderOne,Tick,144,40,104,-94,147600,147400,5404,-1446004,48796,BREACH
76.546863,TraderOne,Tick,144,40,104,-94,147600,147500,5404,-1446004,39396,BREACH
76.746597,TraderOne,Tick,144,40,104,-94,147600,147600,5404,-1446004,29996,BREACH
77.01971,TraderOne,Tick,144,40,104,-94,147600,147600,5404,-1446004,29996,BREACH
77.257212,TraderOne,Tick,144,40,104,-94,147600,147600,5404,-1446004,29996,BREACH
77.476213,TraderOne,Tick,144,40,104,-94,147600,147600,5404,-1446004,29996,BREACH
77.792805,TraderOne,Tick,144,40,104,-94,147500,147600,5404,-1446004,19596,BREACH
77.962046,TraderOne,Tick,144,40,104,-94,147500,147600,5404,-1446004,19596,BREACH
78.20618,TraderOne,Tick,144,40,104,-94,147500,147600,5404,-1446004,19596,BREACH
78.504525,TraderOne,Tick,144,40,104,-94,147500,147600,5404,-1446004,19596,BREACH
78.7981,TraderOne,Tick,144,40,104,-94,147500,147600,5404,-1446004,19596,BREACH
78.9874,TraderOne,Tick,144,40,104,-94,147500,147600,5404,-1446004,19596,BREACH
79.22214,TraderOne,Tick,144,40,104,-94,147500,147600,5404,-1446004,19596,BREACH
79.50216,TraderOne,Tick,144,40,104,-94,147500,147600,5404,-1446004,19596,BREACH
79.726865,TraderOne,Tick,144,40,104,-94,147600,148200,5404,-1446004,15196,BREACH
80.004257,TraderOne,Tick,144,40,104,-94,147600,148400,5404,-1446004,17196,BREACH
80.298054,TraderOne,Tick,144,40,104,-94,147600,148400,5404,-1446004,17196,BREACH
80.521491,TraderOne,Tick,144,40,104,-94,147600,148400,5404,-1446004,17196,BREACH
80.744021,TraderOne,Tick,144,40,104,-94,147600,148400,5404,-1446004,17196,BREACH
80.964078,TraderOne,Tick,144,40,104,-94,147600,148400,5404,-1446004,17196,BREACH
81.291056,TraderOne,Tick,144,40,104,-94,147600,148200,5404,-1446004,15196,BREACH
81.515503,TraderOne,Tick,144,40,104,-94,148000,148400,5404,-1446004,17196,BREACH
81.781863,TraderOne,Tick,144,40,104,-94,148000,148400,5404,-1446004,17196,BREACH
82.022387,TraderOne,Tick,144,40,104,-94,148000,148400,5404,-1446004,17196,BREACH
82.261618,TraderOne,Tick,144,40,104,-94,148000,148400,5404,-1446004,17196,BREACH
82.522389,TraderOne,Tick,144,40,104,-94,148200,148800,5404,-1446004,21196,BREACH
82.702343,TraderOne,Tick,144,40,104,-94,148200,148800,5404,-1446004,21196,BREACH
82.988615,TraderOne,Tick,144,40,104,-94,148200,148800,5404,-1446004,21196,BREACH
83.21893,TraderOne,Tick,144,40,104,-94,148300,148800,5404,-1446004,21196,BREACH
83.54043,TraderOne,Tick,144,40,104,-94,148300,148800,5404,-1446004,21196,BREACH
83.755705,TraderOne,Tick,144,40,104,-94,148300,148800,5404,-1446004,21196,BREACH
83.995605,TraderOne,Tick,144,40,104,-94,148400,149000,5404,-1446004,23196,BREACH
84.23801,TraderOne,Tick,144,40,104,-94,148400,149000,5404,-1446004,23196,BREACH
84.48858,TraderOne,Tick,144,40,104,-94,148400,149000,5404,-1446004,23196,BREACH
84.729056,TraderOne,Tick,144,40,104,-94,148400,149200,5404,-1446004,25196,BREACH
84.962487,TraderOne,Tick,144,40,104,-94,148600,149200,5404,-1446004,25196,BREACH
85.241963,TraderOne,Tick,144,40,104,-94,148600,149200,5404,-1446004,25196,BREACH
85.451247,TraderOne,Tick,144,40,104,-94,148600,149200,5404,-1446004,25196,BREACH
85.75349,TraderOne,Tick,144,40,104,-94,148800,149200,5404,-1446004,25196,BREACH
86.014926,TraderOne,Tick,144,40,104,-94,148800,149600,5404,-1446004,29196,BREACH
86.224021,TraderOne,Tick,144,40,104,-94,148900,149600,5404,-1446004,29196,BREACH
86.50271,TraderOne,Tick,144,40,104,-94,148900,149600,5404,-1446004,29196,BREACH
86.734318,TraderOne,Tick,144,40,104,-94,149600,149600,5404,-1446004,49996,BREACH
87.0253,TraderOne,Tick,144,40,104,-94,149600,149600,5404,-1446004,49996,BREACH
87.298997,TraderOne,Tick,144,40,104,-94,149600,149700,5404,-1446004,40596,BREACH
87.484042,TraderOne,Tick,144,40,104,-94,149600,149700,5404,-1446004,40596,BREACH
87.708894,TraderOne,Tick,144,40,104,-94,149600,149700,5404,-1446004,40596,BREACH
88.003857,TraderOne,Tick,144,40,104,-94,149600,149500,5404,-1446004,59396,BREACH
88.292672,TraderOne,Tick,144,40,104,-94,149600,149500,5404,-1446004,59396,BREACH
88.486099,TraderOne,Tick,144,40,104,-94,149600,149500,5404,-1446004,59396,BREACH
88.709359,TraderOne,Tick,144,40,104,-94,149600,149200,5404,-1446004,66796,BREACH
89.031265,TraderOne,Tick,144,40,104,-94,149600,149100,5404,-1446004,65796,BREACH
89.223887,TraderOne,Tick,144,40,104,-94,149600,149100,5404,-1446004,65796,BREACH
89.542687,TraderOne,Tick,144,40,104,-94,149600,148900,5404,-1446004,63796,BREACH
89.78864,TraderOne,Tick,144,40,104,-94,149600,148900,5404,-1446004,63796,BREACH
89.974088,TraderOne,Tick,144,40,104,-94,149600,148900,5404,-1446004,63796,BREACH
90.271175,TraderOne,Tick,144,40,104,-94,149600,149100,5404,-1446004,65796,BREACH
90.451327,TraderOne,Tick,144,40,104,-94,149600,149100,5404,-1446004,65796,BREACH
90.748107,TraderOne,Tick,144,40,104,-94,149600,149100,5404,-1446004,65796,BREACH
90.957661,TraderOne,Tick,144,40,104,-94,149600,149100,5404,-1446004,65796,BREACH
91.252033,TraderOne,Tick,144,40,104,-94,149600,149100,5404,-1446004,65796,BREACH
91.475486,TraderOne,Tick,144,40,104,-94,149600,148900,5404,-1446004,63796,BREACH
91.71168,TraderOne,Tick,144,40,104,-94,149600,148900,5404,-1446004,63796,BREACH
92.002842,TraderOne,Tick,144,40,104,-94,149600,148900,5404,-1446004,63796,BREACH
92.249193,TraderOne,Tick,144,40,104,-94,149400,148900,5404,-1446004,63796,BREACH
92.476297,TraderOne,Tick,144,40,104,-94,149400,148900,5404,-1446004,63796,BREACH
92.800342,TraderOne,Tick,144,40,104,-94,149400,148900,5404,-1446004,63796,BREACH
93.039809,TraderOne,Tick,144,40,104,-94,149400,149200,5404,-1446004,66796,BREACH
93.275405,TraderOne,Tick,144,40,104,-94,149400,149200,5404,-1446004,66796,BREACH
93.504578,TraderOne,Tick,144,40,104,-94,149400,149200,5404,-1446004,66796,BREACH
93.793469,TraderOne,Tick,144,40,104,-94,149400,149200,5404,-1446004,66796,BREACH
93.99962,TraderOne,Tick,144,40,104,-94,149400,149200,5404,-1446004,66796,BREACH
94.268734,TraderOne,Tick,144,40,104,-94,149400,149200,5404,-1446004,66796,BREACH
94.527009,TraderOne,Tick,144,40,104,-94,149400,149200,5404,-1446004,66796,BREACH
94.734033,TraderOne,Tick,144,40,104,-94,149400,149200,5404,-1446004,66796,BREACH
95.008104,TraderOne,Tick,144,40,104,-94,149400,149200,5404,-1446004,66796,BREACH
95.234653,TraderOne,Tick,144,40,104,-94,149400,149200,5404,-1446004,66796,BREACH
95.519309,TraderOne,Tick,144,40,104,-94,149400,149200,5404,-1446004,66796,BREACH
95.758554,TraderOne,Tick,144,40,104,-94,149400,149200,5404,-1446004,66796,BREACH
95.973774,TraderOne,Tick,144,40,104,-94,149400,149200,5404,-1446004,66796,BREACH
96.291687,TraderOne,Tick,144,40,104,-94,149400,149200,5404,-1446004,66796,BREACH
96.528457,TraderOne,Tick,144,40,104,-94,149400,149200,5404,-1446004,66796,BREACH
96.714773,TraderOne,Tick,144,40,104,-94,149400,149200,5404,-1446004,66796,BREACH
97.000718,TraderOne,Tick,144,40,104,-94,149400,149200,5404,-1446004,66796,BREACH
97.27647,TraderOne,Tick,144,40,104,-94,149400,149200,5404,-1446004,66796,BREACH
97.544982,TraderOne,Tick,144,40,104,-94,149800,149600,5404,-1446004,70796,BREACH
97.755938,TraderOne,Tick,144,40,104,-94,149800,149800,5404,-1446004,51996,BREACH
98.028187,TraderOne,Tick,144,40,104,-94,149800,149800,5404,-1446004,51996,BREACH
98.274034,TraderOne,Tick,144,40,104,-94,149800,149800,5404,-1446004,51996,BREACH
98.476321,TraderOne,Tick,144,40,104,-94,149200,149800,5404,-1446004,20796,BREACH
98.766261,TraderOne,Tick,144,40,104,-94,149800,149800,5404,-1446004,51996,BREACH
98.989955,TraderOne,Tick,144,40,104,-94,149800,149800,5404,-1446004,51996,BREACH
99.264642,TraderOne,Tick,144,40,104,-94,149800,150100,5404,-1446004,23796,BREACH
99.472768,TraderOne,Tick,144,40,104,-94,149800,150100,5404,-1446004,23796,BREACH
99.787871,TraderOne,Tick,144,40,104,-94,149800,150000,5404,-1446004,33196,BREACH
100.009492,TraderOne,Tick,144,40,104,-94,149900,150000,5404,-1446004,43596,BREACH
100.229889,TraderOne,Tick,144,40,104,-94,149900,149900,5404,-1446004,52996,BREACH
100.528345,TraderOne,Tick,144,40,104,-94,149900,149900,5404,-1446004,52996,BREACH
100.79203,TraderOne,Tick,144,40,104,-94,149900,149900,5404,-1446004,52996,BREACH
100.952489,TraderOne,Tick,144,40,104,-94,149900,149900,5404,-1446004,52996,BREACH
101.206505,TraderOne,Tick,144,40,104,-94,149400,149900,5404,-1446004,21796,BREACH
101.476555,TraderOne,Tick,144,40,104,-94,149400,150100,5404,-1446004,23796,BREACH
101.715625,TraderOne,Tick,144,40,104,-94,149400,150100,5404,-1446004,23796,BREACH
102.028471,TraderOne,Tick,144,40,104,-94,149400,150100,5404,-1446004,23796,BREACH
102.232019,TraderOne,Tick,144,40,104,-94,149400,150100,5404,-1446004,23796,BREACH
102.532633,TraderOne,Tick,144,40,104,-94,149400,150100,5404,-1446004,23796,BREACH
102.7953,TraderOne,Tick,144,40,104,-94,149400,150300,5404,-1446004,25796,BREACH
102.967939,TraderOne,Tick,144,40,104,-94,149400,150300,5404,-1446004,25796,BREACH
103.226267,TraderOne,Tick,144,40,104,-94,149400,150300,5404,-1446004,25796,BREACH
103.506143,TraderOne,Tick,144,40,104,-94,149900,150300,5404,-1446004,25796,BREACH
103.721337,TraderOne,Tick,144,40,104,-94,149900,150300,5404,-1446004,25796,BREACH
103.979258,TraderOne,Tick,144,40,104,-94,149900,150400,5404,-1446004,26796,BREACH
104.243576,TraderOne,Tick,144,40,104,-94,149900,150400,5404,-1446004,26796,BREACH
104.530718,TraderOne,Tick,144,40,104,-94,149900,150200,5404,-1446004,24796,BREACH
104.70624,TraderOne,Tick,144,40,104,-94,149900,150200,5404,-1446004,24796,BREACH
105.033188,TraderOne,Tick,144,40,104,-94,149900,150200,5404,-1446004,24796,BREACH
105.24726,TraderOne,Tick,144,40,104,-94,149900,150200,5404,-1446004,24796,BREACH
105.456154,TraderOne,Tick,144,40,104,-94,149900,150200,5404,-1446004,24796,BREACH
105.709099,TraderOne,Tick,144,40,104,-94,149900,150200,5404,-1446004,24796,BREACH
106.040565,TraderOne,Tick,144,40,104,-94,149900,150300,5404,-1446004,25796,BREACH
106.291286,TraderOne,Tick,144,40,104,-94,149900,150500,5404,-1446004,27796,BREACH
106.451046,TraderOne,Tick,144,40,104,-94,150200,150500,5404,-1446004,27796,BREACH
106.735627,TraderOne,Tick,144,40,104,-94,150200,150400,5404,-1446004,37196,BREACH
107.025388,TraderOne,Tick,144,40,104,-94,150200,150300,5404,-1446004,46596,BREACH
107.262354,TraderOne,Tick,144,40,104,-94,150200,150300,5404,-1446004,46596,BREACH
107.510314,TraderOne,Tick,144,40,104,-94,150200,150400,5404,-1446004,37196,BREACH
107.700976,TraderOne,Tick,144,40,104,-94,150200,150400,5404,-1446004,37196,BREACH
108.011835,TraderOne,Tick,144,40,104,-94,150200,150400,5404,-1446004,37196,BREACH
108.231858,TraderOne,Tick,144,40,104,-94,150200,150300,5404,-1446004,46596,BREACH
108.478179,TraderOne,Tick,144,40,104,-94,150200,150100,5404,-1446004,65396,BREACH
108.768437,TraderOne,Tick,144,40,104,-94,149600,150100,5404,-1446004,23796,BREACH
109.009517,TraderOne,Tick,144,40,104,-94,149600,150100,5404,-1446004,23796,BREACH
109.275525,TraderOne,Tick,144,40,104,-94,149600,150100,5404,-1446004,23796,BREACH
109.514879,TraderOne,Tick,144,40,104,-94,149600,150100,5404,-1446004,23796,BREACH
109.715086,TraderOne,Tick,144,40,104,-94,149600,150100,5404,-1446004,23796,BREACH
109.962051,TraderOne,Tick,144,40,104,-94,149600,150100,5404,-1446004,23796,BREACH
110.211401,TraderOne,Tick,144,40,104,-94,150200,150500,5404,-1446004,27796,BREACH
110.516582,TraderOne,Tick,144,40,104,-94,150200,150500,5404,-1446004,27796,BREACH
110.762956,TraderOne,Tick,144,40,104,-94,150200,150700,5404,-1446004,29796,BREACH
110.986703,TraderOne,Tick,144,40,104,-94,150200,150600,5404,-1446004,28796,BREACH
111.261139,TraderOne,Tick,144,40,104,-94,150200,150600,5404,-1446004,28796,BREACH
111.533631,TraderOne,Tick,144,40,104,-94,150200,150600,5404,-1446004,28796,BREACH
111.733121,TraderOne,Tick,144,40,104,-94,150100,150600,5404,-1446004,28796,BREACH
111.960186,TraderOne,Tick,144,40,104,-94,150100,150600,5404,-1446004,28796,BREACH
112.215335,TraderOne,Tick,144,40,104,-94,150100,150500,5404,-1446004,27796,BREACH
112.524449,TraderOne,Tick,144,40,104,-94,150100,150400,5404,-1446004,26796,BREACH
112.725241,TraderOne,Tick,144,40,104,-94,150100,150500,5404,-1446004,27796,BREACH
112.950123,TraderOne,Tick,144,40,104,-94,150100,150700,5404,-1446004,29796,BREACH
113.264655,TraderOne,Tick,144,40,104,-94,150200,150600,5404,-1446004,28796,BREACH
113.494874,TraderOne,Tick,144,40,104,-94,150200,150500,5404,-1446004,27796,BREACH
113.724515,TraderOne,Tick,144,40,104,-94,150200,150500,5404,-1446004,27796,BREACH
113.990586,TraderOne,Tick,144,40,104,-94,150200,150500,5404,-1446004,27796,BREACH
114.277001,TraderOne,Tick,144,40,104,-94,150500,150600,5404,-1446004,49596,BREACH
114.53261,TraderOne,Tick,144,40,104,-94,150500,150500,5404,-1446004,58996,BREACH
114.758308,TraderOne,Tick,144,40,104,-94,150500,150500,5404,-1446004,58996,BREACH
115.03167,TraderOne,Tick,144,40,104,-94,150500,150900,5404,-1446004,31796,BREACH
115.299474,TraderOne,Tick,144,40,104,-94,150100,150500,5404,-1446004,27796,BREACH
115.454379,TraderOne,Tick,144,40,104,-94,150100,150500,5404,-1446004,27796,BREACH
115.77071,TraderOne,Tick,144,40,104,-94,150100,150500,5404,-1446004,27796,BREACH
116.045303,TraderOne,Tick,144,40,104,-94,150600,150400,5404,-1446004,78796,BREACH
116.218353,TraderOne,Tick,144,40,104,-94,150600,150500,5404,-1446004,69396,BREACH
116.455803,TraderOne,Tick,144,40,104,-94,150600,150800,5404,-1446004,41196,BREACH
116.732551,TraderOne,Tick,144,40,104,-94,150600,150800,5404,-1446004,41196,BREACH
117.029287,TraderOne,Tick,144,40,104,-94,150000,150500,5404,-1446004,27796,BREACH
117.25417,TraderOne,Tick,144,40,104,-94,150000,150300,5404,-1446004,25796,BREACH
117.500461,TraderOne,Tick,144,40,104,-94,150000,150300,5404,-1446004,25796,BREACH
117.776155,TraderOne,Tick,144,40,104,-94,150000,150300,5404,-1446004,25796,BREACH
118.043695,TraderOne,Tick,144,40,104,-94,150000,150300,5404,-1446004,25796,BREACH
118.240766,TraderOne,Tick,144,40,104,-94,150000,150300,5404,-1446004,25796,BREACH
118.49218,TraderOne,Tick,144,40,104,-94,150000,150500,5404,-1446004,27796,BREACH
118.710867,TraderOne,Tick,144,40,104,-94,150000,150400,5404,-1446004,26796,BREACH
118.979867,TraderOne,Tick,144,40,104,-94,150500,150300,5404,-1446004,77796,BREACH
119.224599,TraderOne,Tick,144,40,104,-94,150500,150300,5404,-1446004,77796,BREACH
119.488891,TraderOne,Tick,144,40,104,-94,150500,150300,5404,-1446004,77796,BREACH
119.7039,TraderOne,Tick,144,40,104,-94,150200,150100,5404,-1446004,65396,BREACH
119.954685,TraderOne,Tick,144,40,104,-94,150200,150100,5404,-1446004,65396,BREACH
120.22212,TraderOne,Tick,144,40,104,-94,150200,150600,5404,-1446004,28796,BREACH
120.487051,TraderOne,Tick,144,40,104,-94,150200,150600,5404,-1446004,28796,BREACH
120.800833,TraderOne,Tick,144,40,104,-94,150200,150600,5404,-1446004,28796,BREACH
121.002097,TraderOne,Tick,144,40,104,-94,150200,150600,5404,-1446004,28796,BREACH
121.265261,TraderOne,Tick,144,40,104,-94,150000,150600,5404,-1446004,28796,BREACH
121.48788,TraderOne,Tick,144,40,104,-94,150000,150600,5404,-1446004,28796,BREACH
121.775513,TraderOne,Tick,144,40,104,-94,150000,150600,5404,-1446004,28796,BREACH
122.03391,TraderOne,Tick,144,40,104,-94,150100,150600,5404,-1446004,28796,BREACH
122.291825,TraderOne,Tick,144,40,104,-94,150100,150500,5404,-1446004,27796,BREACH
122.46047,TraderOne,Tick,144,40,104,-94,150100,150500,5404,-1446004,27796,BREACH
122.751373,TraderOne,Tick,144,40,104,-94,150100,150500,5404,-1446004,27796,BREACH
123.027023,TraderOne,Tick,144,40,104,-94,150100,150500,5404,-1446004,27796,BREACH
123.25348,TraderOne,Tick,144,40,104,-94,150100,150400,5404,-1446004,26796,BREACH
123.462921,TraderOne,Tick,144,40,104,-94,150100,150400,5404,-1446004,26796,BREACH
123.733644,TraderOne,Tick,144,40,104,-94,150400,150400,5404,-1446004,57996,BREACH
124.009325,TraderOne,Tick,144,40,104,-94,150400,150400,5404,-1446004,57996,BREACH
124.204984,TraderOne,Tick,144,40,104,-94,150400,150400,5404,-1446004,57996,BREACH
124.498072,TraderOne,Tick,144,40,104,-94,150600,150400,5404,-1446004,78796,BREACH
124.72014,TraderOne,Tick,144,40,104,-94,150600,150400,5404,-1446004,78796,BREACH
124.977247,TraderOne,Tick,144,40,104,-94,150600,150400,5404,-1446004,78796,BREACH
125.269158,TraderOne,Tick,144,40,104,-94,150600,150400,5404,-1446004,78796,BREACH
125.457319,TraderOne,Tick,144,40,104,-94,150400,150400,5404,-1446004,57996,BREACH
125.725453,TraderOne,Tick,144,40,104,-94,150400,150400,5404,-1446004,57996,BREACH
125.958542,TraderOne,Tick,144,40,104,-94,150400,150700,5404,-1446004,29796,BREACH
126.248829,TraderOne,Tick,144,40,104,-94,150400,150900,5404,-1446004,31796,BREACH
126.468874,TraderOne,Tick,144,40,104,-94,150500,151200,5404,-1446004,34796,BREACH
126.723503,TraderOne,Tick,144,40,104,-94,150500,151000,5404,-1446004,32796,BREACH
127.04569,TraderOne,Tick,144,40,104,-94,150500,151000,5404,-1446004,32796,BREACH
127.269174,TraderOne,Tick,144,40,104,-94,150500,151000,5404,-1446004,32796,BREACH
127.500759,TraderOne,Tick,144,40,104,-94,150500,150700,5404,-1446004,40196,BREACH
127.786199,TraderOne,Tick,144,40,104,-94,150500,150400,5404,-1446004,68396,BREACH
127.968367,TraderOne,Tick,144,40,104,-94,150700,150300,5404,-1446004,88196,BREACH
128.240543,TraderOne,Tick,144,40,104,-94,150700,150300,5404,-1446004,88196,BREACH
128.516512,TraderOne,Tick,144,40,104,-94,150700,150200,5404,-1446004,87196,BREACH
128.720684,TraderOne,Tick,144,40,104,-94,150700,150200,5404,-1446004,87196,BREACH
128.959748,TraderOne,Tick,144,40,104,-94,150700,150200,5404,-1446004,87196,BREACH
129.209714,TraderOne,Tick,144,40,104,-94,150700,150200,5404,-1446004,87196,BREACH
129.539548,TraderOne,Tick,144,40,104,-94,151000,150400,5404,-1446004,89196,BREACH
129.800109,TraderOne,Tick,144,40,104,-94,151000,150400,5404,-1446004,89196,BREACH
129.997381,TraderOne,Tick,144,40,104,-94,151000,150400,5404,-1446004,89196,BREACH
130.257115,TraderOne,Tick,144,40,104,-94,151000,150400,5404,-1446004,89196,BREACH
130.495278,TraderOne,Tick,144,40,104,-94,151000,150400,5404,-1446004,89196,BREACH
130.704554,TraderOne,Tick,144,40,104,-94,151000,150400,5404,-1446004,89196,BREACH
131.019817,TraderOne,Tick,144,40,104,-94,150400,150400,5404,-1446004,57996,BREACH
131.261943,TraderOne,Tick,144,40,104,-94,150400,150100,5404,-1446004,86196,BREACH
131.551114,TraderOne,Tick,144,40,104,-94,150400,150100,5404,-1446004,86196,BREACH
131.766639,TraderOne,Tick,144,40,104,-94,150400,150100,5404,-1446004,86196,BREACH
132.043727,TraderOne,Tick,144,40,104,-94,150800,150100,5404,-1446004,86196,BREACH
132.292796,TraderOne,Tick,144,40,104,-94,150400,149800,5404,-1446004,83196,BREACH
132.471411,TraderOne,Tick,144,40,104,-94,150400,149800,5404,-1446004,83196,BREACH
132.706297,TraderOne,Tick,144,40,104,-94,150400,149600,5404,-1446004,70796,BREACH
132.987954,TraderOne,Tick,144,40,104,-94,150400,149600,5404,-1446004,70796,BREACH
133.225348,TraderOne,Tick,144,40,104,-94,150200,149600,5404,-1446004,70796,BREACH
133.527454,TraderOne,Tick,144,40,104,-94,150200,149600,5404,-1446004,70796,BREACH
133.781634,TraderOne,Tick,144,40,104,-94,149800,149500,5404,-1446004,69796,BREACH
134.008843,TraderOne,Tick,144,40,104,-94,149800,149600,5404,-1446004,70796,BREACH
134.297427,TraderOne,Tick,144,40,104,-94,149800,149600,5404,-1446004,70796,BREACH
134.538174,TraderOne,Tick,144,40,104,-94,149800,149700,5404,-1446004,61396,BREACH
134.793801,TraderOne,Tick,144,40,104,-94,149800,149700,5404,-1446004,61396,BREACH
134.995348,TraderOne,Tick,144,40,104,-94,149800,149800,5404,-1446004,51996,BREACH
135.229252,TraderOne,Tick,144,40,104,-94,149300,149800,5404,-1446004,20796,BREACH
135.516577,TraderOne,Tick,144,40,104,-94,149300,149900,5404,-1446004,21796,BREACH
135.748888,TraderOne,Tick,144,40,104,-94,149300,149900,5404,-1446004,21796,BREACH
135.952866,TraderOne,Tick,144,40,104,-94,149300,149900,5404,-1446004,21796,BREACH
136.285872,TraderOne,Tick,144,40,104,-94,149300,149900,5404,-1446004,21796,BREACH
136.452784,TraderOne,Tick,144,40,104,-94,149300,149900,5404,-1446004,21796,BREACH
136.714842,TraderOne,Tick,144,40,104,-94,149300,149800,5404,-1446004,20796,BREACH
137.037112,TraderOne,Tick,144,40,104,-94,149300,149600,5404,-1446004,29196,BREACH
137.288067,TraderOne,Tick,144,40,104,-94,149300,149600,5404,-1446004,29196,BREACH
137.504394,TraderOne,Tick,144,40,104,-94,149300,149600,5404,-1446004,29196,BREACH
137.705183,TraderOne,Tick,144,40,104,-94,149300,149300,5404,-1446004,46996,BREACH
137.992072,TraderOne,Tick,144,40,104,-94,149300,149300,5404,-1446004,46996,BREACH
138.20254,TraderOne,Tick,144,40,104,-94,149300,149300,5404,-1446004,46996,BREACH
138.47947,TraderOne,Tick,144,40,104,-94,149300,149300,5404,-1446004,46996,BREACH
138.737762,TraderOne,Tick,144,40,104,-94,149300,149100,5404,-1446004,65796,BREACH
139.055253,TraderOne,Tick,144,40,104,-94,149300,149100,5404,-1446004,65796,BREACH
139.255571,TraderOne,Tick,144,40,104,-94,149300,149100,5404,-1446004,65796,BREACH
139.516294,TraderOne,Tick,144,40,104,-94,149300,149300,5404,-1446004,46996,BREACH
139.786795,TraderOne,Tick,144,40,104,-94,149300,149300,5404,-1446004,46996,BREACH
140.004307,TraderOne,Tick,144,40,104,-94,149300,149300,5404,-1446004,46996,BREACH
140.282788,TraderOne,Tick,144,40,104,-94,149300,149300,5404,-1446004,46996,BREACH
140.483425,TraderOne,Tick,144,40,104,-94,149600,149300,5404,-1446004,67796,BREACH
140.709632,TraderOne,Tick,144,40,104,-94,149600,149300,5404,-1446004,67796,BREACH
140.950194,TraderOne,Tick,144,40,104,-94,149600,149300,5404,-1446004,67796,BREACH
141.210592,TraderOne,Tick,144,40,104,-94,149600,149300,5404,-1446004,67796,BREACH
141.455247,TraderOne,Tick,144,40,104,-94,149600,149300,5404,-1446004,67796,BREACH
141.720078,TraderOne,Tick,144,40,104,-94,150200,149500,5404,-1446004,69796,BREACH
142.032826,TraderOne,Tick,144,40,104,-94,150200,149500,5404,-1446004,69796,BREACH
142.274834,TraderOne,Tick,144,40,104,-94,150200,149500,5404,-1446004,69796,BREACH
142.45691,TraderOne,Tick,144,40,104,-94,150200,149500,5404,-1446004,69796,BREACH
142.773206,TraderOne,Tick,144,40,104,-94,150200,149500,5404,-1446004,69796,BREACH
143.006676,TraderOne,Tick,144,40,104,-94,150200,149500,5404,-1446004,69796,BREACH
143.291442,TraderOne,Tick,144,40,104,-94,150200,149500,5404,-1446004,69796,BREACH
143.533029,TraderOne,Tick,144,40,104,-94,150200,149700,5404,-1446004,71796,BREACH
143.786146,TraderOne,Tick,144,40,104,-94,150200,149700,5404,-1446004,71796,BREACH
144.013317,TraderOne,Tick,144,40,104,-94,149200,149700,5404,-1446004,30196,BREACH
144.268809,TraderOne,Tick,144,40,104,-94,149200,149700,5404,-1446004,30196,BREACH
144.492241,TraderOne,Tick,144,40,104,-94,149100,149700,5404,-1446004,30196,BREACH
144.742259,TraderOne,Tick,144,40,104,-94,149100,149700,5404,-1446004,30196,BREACH
145.035651,TraderOne,Tick,144,40,104,-94,149100,149700,5404,-1446004,30196,BREACH
145.296828,TraderOne,Tick,144,40,104,-94,149100,149700,5404,-1446004,30196,BREACH
145.463484,TraderOne,Tick,144,40,104,-94,149100,149700,5404,-1446004,30196,BREACH
145.704515,TraderOne,Tick,144,40,104,-94,149100,149700,5404,-1446004,30196,BREACH
145.985607,TraderOne,Tick,144,40,104,-94,149100,149700,5404,-1446004,30196,BREACH
146.225845,TraderOne,Tick,144,40,104,-94,149100,149700,5404,-1446004,30196,BREACH
146.493521,TraderOne,Tick,144,40,104,-94,149100,149500,5404,-1446004,28196,BREACH
146.710899,TraderOne,Tick,144,40,104,-94,149100,149700,5404,-1446004,30196,BREACH
146.971623,TraderOne,Tick,144,40,104,-94,149100,149700,5404,-1446004,30196,BREACH
147.263434,TraderOne,Tick,144,40,104,-94,149100,149700,5404,-1446004,30196,BREACH
147.542422,TraderOne,Tick,144,40,104,-94,149100,149600,5404,-1446004,29196,BREACH
147.79456,TraderOne,Tick,144,40,104,-94,149100,149600,5404,-1446004,29196,BREACH
148.028844,TraderOne,Tick,144,40,104,-94,149100,149600,5404,-1446004,29196,BREACH
148.228077,TraderOne,Tick,144,40,104,-94,149100,149600,5404,-1446004,29196,BREACH
148.525931,TraderOne,Tick,144,40,104,-94,149100,149600,5404,-1446004,29196,BREACH
148.716087,TraderOne,Tick,144,40,104,-94,149100,149600,5404,-1446004,29196,BREACH
149.031948,TraderOne,Tick,144,40,104,-94,149100,149600,5404,-1446004,29196,BREACH
149.232491,TraderOne,Tick,144,40,104,-94,149100,149600,5404,-1446004,29196,BREACH
149.507695,TraderOne,Tick,144,40,104,-94,150600,150100,5404,-1446004,86196,BREACH
149.743499,TraderOne,Tick,144,40,104,-94,150600,150100,5404,-1446004,86196,BREACH
149.969576,TraderOne,Tick,144,40,104,-94,150600,150100,5404,-1446004,86196,BREACH
150.287445,TraderOne,Tick,144,40,104,-94,150600,150100,5404,-1446004,86196,BREACH
150.475065,TraderOne,Tick,144,40,104,-94,150600,150100,5404,-1446004,86196,BREACH
150.798578,TraderOne,Tick,144,40,104,-94,150600,150100,5404,-1446004,86196,BREACH
151.021816,TraderOne,Tick,144,40,104,-94,150600,150100,5404,-1446004,86196,BREACH
151.251006,TraderOne,Tick,144,40,104,-94,150600,150100,5404,-1446004,86196,BREACH
151.498091,TraderOne,Tick,144,40,104,-94,150600,150100,5404,-1446004,86196,BREACH
151.758345,TraderOne,Tick,144,40,104,-94,150600,150100,5404,-1446004,86196,BREACH
152.043682,TraderOne,Tick,144,40,104,-94,150600,150100,5404,-1446004,86196,BREACH
152.268468,TraderOne,Tick,144,40,104,-94,150600,150100,5404,-1446004,86196,BREACH
152.490432,TraderOne,Tick,144,40,104,-94,150600,150100,5404,-1446004,86196,BREACH
152.764798,TraderOne,Tick,144,40,104,-94,150600,150100,5404,-1446004,86196,BREACH
153.035971,TraderOne,Tick,144,40,104,-94,150400,150100,5404,-1446004,86196,BREACH
153.283911,TraderOne,Tick,144,40,104,-94,150400,149800,5404,-1446004,83196,BREACH
153.509059,TraderOne,Tick,144,40,104,-94,150400,149800,5404,-1446004,83196,BREACH
153.70106,TraderOne,Tick,144,40,104,-94,150400,149800,5404,-1446004,83196,BREACH
154.005051,TraderOne,Tick,144,40,104,-94,150400,150100,5404,-1446004,86196,BREACH
154.244865,TraderOne,Tick,144,40,104,-94,150400,150100,5404,-1446004,86196,BREACH
154.533598,TraderOne,Tick,144,40,104,-94,150400,150100,5404,-1446004,86196,BREACH
154.774099,TraderOne,Tick,144,40,104,-94,150400,150100,5404,-1446004,86196,BREACH
154.987927,TraderOne,Tick,144,40,104,-94,150400,150100,5404,-1446004,86196,BREACH
155.228226,TraderOne,Tick,144,40,104,-94,150400,150100,5404,-1446004,86196,BREACH
155.534692,TraderOne,Tick,144,40,104,-94,150400,150300,5404,-1446004,67396,BREACH
155.732146,TraderOne,Tick,144,40,104,-94,150400,150300,5404,-1446004,67396,BREACH
155.979341,TraderOne,Tick,144,40,104,-94,150400,150300,5404,-1446004,67396,BREACH
156.225662,TraderOne,Tick,144,40,104,-94,150400,150300,5404,-1446004,67396,BREACH
156.473356,TraderOne,Tick,144,40,104,-94,150400,150300,5404,-1446004,67396,BREACH
156.79131,TraderOne,Tick,144,40,104,-94,150400,150300,5404,-1446004,67396,BREACH
156.970984,TraderOne,Tick,144,40,104,-94,150400,150300,5404,-1446004,67396,BREACH
157.299392,TraderOne,Tick,144,40,104,-94,150600,150300,5404,-1446004,88196,BREACH
157.457439,TraderOne,Tick,144,40,104,-94,150600,150300,5404,-1446004,88196,BREACH
157.73441,TraderOne,Tick,144,40,104,-94,150600,150300,5404,-1446004,88196,BREACH
157.998189,TraderOne,Tick,144,40,104,-94,150600,150300,5404,-1446004,88196,BREACH
158.225962,TraderOne,Tick,144,40,104,-94,150600,150300,5404,-1446004,88196,BREACH
158.53766,TraderOne,Tick,144,40,104,-94,150500,150300,5404,-1446004,77796,BREACH
158.795086,TraderOne,Tick,144,40,104,-94,150500,150300,5404,-1446004,77796,BREACH
159.00462,TraderOne,Tick,144,40,104,-94,150500,150400,5404,-1446004,68396,BREACH
159.258248,TraderOne,Tick,144,40,104,-94,150600,150400,5404,-1446004,78796,BREACH
159.536149,TraderOne,Tick,144,40,104,-94,150600,150400,5404,-1446004,78796,BREACH
159.793187,TraderOne,Tick,144,40,104,-94,150600,150400,5404,-1446004,78796,BREACH
160.041362,TraderOne,Tick,144,40,104,-94,150600,150400,5404,-1446004,78796,BREACH
160.269648,TraderOne,Tick,144,40,104,-94,150600,150400,5404,-1446004,78796,BREACH
160.474766,TraderOne,Tick,144,40,104,-94,150600,150400,5404,-1446004,78796,BREACH
160.759467,TraderOne,Tick,144,40,104,-94,150600,150200,5404,-1446004,87196,BREACH
161.022162,TraderOne,Tick,144,40,104,-94,150600,150200,5404,-1446004,87196,BREACH
161.210948,TraderOne,Tick,144,40,104,-94,150600,150200,5404,-1446004,87196,BREACH
161.460075,TraderOne,Tick,144,40,104,-94,150600,150200,5404,-1446004,87196,BREACH
161.742076,TraderOne,Tick,144,40,104,-94,150600,150200,5404,-1446004,87196,BREACH
161.952956,TraderOne,Tick,144,40,104,-94,150600,150200,5404,-1446004,87196,BREACH
162.29878,TraderOne,Tick,144,40,104,-94,150800,150800,5404,-1446004,61996,BREACH
162.517886,TraderOne,Tick,144,40,104,-94,150800,150800,5404,-1446004,61996,BREACH
162.70733,TraderOne,Tick,144,40,104,-94,150800,150800,5404,-1446004,61996,BREACH
163.000069,TraderOne,Tick,144,40,104,-94,150800,150700,5404,-1446004,71396,BREACH
163.294011,TraderOne,Tick,144,40,104,-94,150800,150600,5404,-1446004,80796,BREACH
163.501748,TraderOne,Tick,144,40,104,-94,150800,150800,5404,-1446004,61996,BREACH
163.752012,TraderOne,Tick,144,40,104,-94,150800,150800,5404,-1446004,61996,BREACH
163.988718,TraderOne,Tick,144,40,104,-94,150800,150800,5404,-1446004,61996,BREACH
164.225786,TraderOne,Tick,144,40,104,-94,150800,151000,5404,-1446004,43196,BREACH
164.492692,TraderOne,Tick,144,40,104,-94,150800,151000,5404,-1446004,43196,BREACH
164.752315,TraderOne,Tick,144,40,104,-94,150800,150900,5404,-1446004,52596,BREACH
164.992599,TraderOne,Tick,144,40,104,-94,150800,151000,5404,-1446004,43196,BREACH
165.200993,TraderOne,Tick,144,40,104,-94,150800,151000,5404,-1446004,43196,BREACH
165.504633,TraderOne,Tick,144,40,104,-94,151300,151000,5404,-1446004,95196,BREACH
165.711333,TraderOne,Tick,144,40,104,-94,151300,151000,5404,-1446004,95196,BREACH
165.993615,TraderOne,Tick,144,40,104,-94,151300,151000,5404,-1446004,95196,BREACH
166.232453,TraderOne,Tick,144,40,104,-94,151300,151100,5404,-1446004,85796,BREACH
166.539478,TraderOne,Tick,144,40,104,-94,151400,151100,5404,-1446004,96196,BREACH
166.727156,TraderOne,Tick,144,40,104,-94,151400,151100,5404,-1446004,96196,BREACH
166.988363,TraderOne,Tick,144,40,104,-94,151400,151100,5404,-1446004,96196,BREACH
167.28883,TraderOne,Tick,144,40,104,-94,151400,151100,5404,-1446004,96196,BREACH
167.538486,TraderOne,Tick,144,40,104,-94,151400,151100,5404,-1446004,96196,BREACH
167.75052,TraderOne,Tick,144,40,104,-94,151400,151100,5404,-1446004,96196,BREACH
168.044886,TraderOne,Tick,144,40,104,-94,151400,151100,5404,-1446004,96196,BREACH
168.256051,TraderOne,Tick,144,40,104,-94,151400,151100,5404,-1446004,96196,BREACH
168.52375,TraderOne,Tick,144,40,104,-94,151400,151100,5404,-1446004,96196,BREACH
168.722339,TraderOne,Tick,144,40,104,-94,151400,151100,5404,-1446004,96196,BREACH
168.963718,TraderOne,Tick,144,40,104,-94,151400,151100,5404,-1446004,96196,BREACH
169.22196,TraderOne,Tick,144,40,104,-94,151100,150500,5404,-1446004,90196,BREACH
169.455244,TraderOne,Tick,144,40,104,-94,151100,150500,5404,-1446004,90196,BREACH
169.712273,TraderOne,Tick,144,40,104,-94,151100,150800,5404,-1446004,93196,BREACH
170.045063,TraderOne,Tick,144,40,104,-94,151100,150700,5404,-1446004,92196,BREACH
170.259197,TraderOne,Tick,144,40,104,-94,151100,150700,5404,-1446004,92196,BREACH
170.49787,TraderOne,Tick,144,40,104,-94,151100,150700,5404,-1446004,92196,BREACH
170.781928,TraderOne,Tick,144,40,104,-94,151100,150500,5404,-1446004,90196,BREACH
171.029707,TraderOne,Tick,144,40,104,-94,151100,150500,5404,-1446004,90196,BREACH
171.251491,TraderOne,Tick,144,40,104,-94,151100,150500,5404,-1446004,90196,BREACH
171.536059,TraderOne,Tick,144,40,104,-94,150500,150500,5404,-1446004,58996,BREACH
171.785756,TraderOne,Tick,144,40,104,-94,150500,150500,5404,-1446004,58996,BREACH
171.977985,TraderOne,Tick,144,40,104,-94,151200,150500,5404,-1446004,90196,BREACH
172.236246,TraderOne,Tick,144,40,104,-94,151200,150500,5404,-1446004,90196,BREACH
172.516332,TraderOne,Tick,144,40,104,-94,151200,150500,5404,-1446004,90196,BREACH
172.760755,TraderOne,Tick,144,40,104,-94,151000,150500,5404,-1446004,90196,BREACH
173.028464,TraderOne,Tick,144,40,104,-94,151000,150500,5404,-1446004,90196,BREACH
173.290253,TraderOne,Tick,144,40,104,-94,151000,150500,5404,-1446004,90196,BREACH
173.454057,TraderOne,Tick,144,40,104,-94,151000,150500,5404,-1446004,90196,BREACH
173.7905,TraderOne,Tick,144,40,104,-94,151000,150500,5404,-1446004,90196,BREACH
173.973331,TraderOne,Tick,144,40,104,-94,151000,150500,5404,-1446004,90196,BREACH
174.249331,TraderOne,Tick,144,40,104,-94,151000,150500,5404,-1446004,90196,BREACH
174.546262,TraderOne,Tick,144,40,104,-94,151000,150500,5404,-1446004,90196,BREACH
174.791432,TraderOne,Tick,144,40,104,-94,151000,150600,5404,-1446004,91196,BREACH
175.044777,TraderOne,Tick,144,40,104,-94,151000,150600,5404,-1446004,91196,BREACH
175.235743,TraderOne,Tick,144,40,104,-94,151000,150600,5404,-1446004,91196,BREACH
175.527157,TraderOne,Tick,144,40,104,-94,150800,150600,5404,-1446004,80796,BREACH
175.774092,TraderOne,Tick,144,40,104,-94,150800,150600,5404,-1446004,80796,BREACH
176.001131,TraderOne,Tick,144,40,104,-94,150800,150600,5404,-1446004,80796,BREACH
176.251756,TraderOne,Tick,144,40,104,-94,150800,150600,5404,-1446004,80796,BREACH
176.505641,TraderOne,Tick,144,40,104,-94,150800,150600,5404,-1446004,80796,BREACH
176.710645,TraderOne,Tick,144,40,104,-94,150800,150600,5404,-1446004,80796,BREACH
176.98531,TraderOne,Tick,144,40,104,-94,150800,150600,5404,-1446004,80796,BREACH
177.276997,TraderOne,Tick,144,40,104,-94,150800,150600,5404,-1446004,80796,BREACH
177.50453,TraderOne,Tick,144,40,104,-94,151200,150600,5404,-1446004,91196,BREACH
177.771035,TraderOne,Tick,144,40,104,-94,151200,150300,5404,-1446004,88196,BREACH
178.002927,TraderOne,Tick,144,40,104,-94,151200,150300,5404,-1446004,88196,BREACH
178.213879,TraderOne,Tick,144,40,104,-94,151200,150300,5404,-1446004,88196,BREACH
178.514971,TraderOne,Tick,144,40,104,-94,151200,150200,5404,-1446004,87196,BREACH
178.776607,TraderOne,Tick,144,40,104,-94,151200,150200,5404,-1446004,87196,BREACH
179.012306,TraderOne,Tick,144,40,104,-94,151200,150200,5404,-1446004,87196,BREACH
179.248207,TraderOne,Tick,144,40,104,-94,151200,150200,5404,-1446004,87196,BREACH
179.489205,TraderOne,Tick,144,40,104,-94,150400,149900,5404,-1446004,84196,BREACH
179.778502,TraderOne,Tick,144,40,104,-94,150400,149900,5404,-1446004,84196,BREACH
180.027426,TraderOne,Tick,144,40,104,-94,150100,149900,5404,-1446004,73796,BREACH
180.279529,TraderOne,Tick,144,40,104,-94,150000,149800,5404,-1446004,72796,BREACH
180.51924,TraderOne,Tick,144,40,104,-94,150000,149800,5404,-1446004,72796,BREACH
180.707216,TraderOne,Tick,144,40,104,-94,150000,149900,5404,-1446004,63396,BREACH
181.04161,TraderOne,Tick,144,40,104,-94,150000,149900,5404,-1446004,63396,BREACH
181.241769,TraderOne,Tick,144,40,104,-94,150000,149900,5404,-1446004,63396,BREACH
181.49863,TraderOne,Tick,144,40,104,-94,149700,149900,5404,-1446004,32196,BREACH
181.71576,TraderOne,Tick,144,40,104,-94,149700,149900,5404,-1446004,32196,BREACH
181.995381,TraderOne,Tick,144,40,104,-94,149700,149900,5404,-1446004,32196,BREACH
182.251843,TraderOne,Tick,144,40,104,-94,149700,149900,5404,-1446004,32196,BREACH
182.546266,TraderOne,Tick,144,40,104,-94,149700,149900,5404,-1446004,32196,BREACH
182.727194,TraderOne,Tick,144,40,104,-94,149700,149900,5404,-1446004,32196,BREACH
183.034665,TraderOne,Tick,144,40,104,-94,149700,149900,5404,-1446004,32196,BREACH
183.224446,TraderOne,Tick,144,40,104,-94,149700,149900,5404,-1446004,32196,BREACH
183.50869,TraderOne,Tick,144,40,104,-94,149700,150000,5404,-1446004,22796,BREACH
183.795493,TraderOne,Tick,144,40,104,-94,149700,150000,5404,-1446004,22796,BREACH
184.016421,TraderOne,Tick,144,40,104,-94,149700,150000,5404,-1446004,22796,BREACH
184.255144,TraderOne,Tick,144,40,104,-94,149700,149700,5404,-1446004,50996,BREACH
184.471158,TraderOne,Tick,144,40,104,-94,149700,149700,5404,-1446004,50996,BREACH
184.792529,TraderOne,Tick,144,40,104,-94,149700,149700,5404,-1446004,50996,BREACH
184.985113,TraderOne,Tick,144,40,104,-94,149700,150000,5404,-1446004,22796,BREACH
185.254407,TraderOne,Tick,144,40,104,-94,149700,150000,5404,-1446004,22796,BREACH
185.457279,TraderOne,Tick,144,40,104,-94,149700,150000,5404,-1446004,22796,BREACH
185.788145,TraderOne,Tick,144,40,104,-94,149700,150000,5404,-1446004,22796,BREACH
185.95805,TraderOne,Tick,144,40,104,-94,149700,150000,5404,-1446004,22796,BREACH
186.255276,TraderOne,Tick,144,40,104,-94,149600,149800,5404,-1446004,31196,BREACH
